name     ,  rank,   score, probability, sas_points, surf_atoms,   center_x,   center_y,   center_z, residue_ids, surf_atom_ids
pocket1  ,     1,   16.54,       0.628,        142,         58,   -18.7308,   -13.0758,     8.2316, A_2153 A_2154 A_2155 A_2156 A_2200 A_2201 A_2202 A_2246 A_2247 A_2248 A_2249 A_2301 A_2302 A_2303 A_2304 A_2355 A_2356 A_2357 A_2358 A_2368 A_2415 A_2416 A_2417 A_2418 A_2419 A_2456 A_2457 A_2458 A_2459 A_2460, 2507 2511 2514 2517 2519 2522 2533 2826 2827 2830 2835 2837 2840 3180 3181 3185 3189 3193 3204 3206 3556 3560 3562 3565 3567 3570 3580 3917 3918 3920 3921 3926 3927 3932 3941 4017 4018 4019 4020 4298 4308 4309 4314 4324 4325 4328 4329 4620 4633 4634 4638 4647 4649 4650 4651 4654 4655 4656
pocket2  ,     2,    3.38,       0.060,         42,         19,   -25.9590,   -13.7509,     3.3774, A_2155 A_2156 A_2157 A_2202 A_2203 A_2204 A_2248 A_2249 A_2250 A_2459, 2522 2533 2534 2537 2538 2840 2846 2849 2850 2853 2854 3193 3204 3206 3210 3213 3214 3215 4650
pocket3  ,     3,    3.22,       0.055,         47,         22,   -37.1731,   -20.8862,    13.9758, A_2168 A_2179 A_2181 A_2190 A_2192 A_2227 A_2229 A_2230 A_2232, 2584 2585 2661 2665 2672 2676 2677 2678 2679 2680 2681 2682 2750 2752 2764 2767 3031 3032 3044 3051 3065 3066
pocket4  ,     4,    2.64,       0.036,         30,         19,    -7.2452,    -4.1995,    22.6463, A_2409 A_2410 A_2411 A_2412 A_2413 A_2430 A_2431 A_2432 A_2433 A_2450 A_2453, 4252 4261 4263 4267 4271 4272 4273 4282 4413 4414 4415 4416 4417 4420 4431 4432 4433 4577 4599
pocket5  ,     5,    2.59,       0.035,         22,         12,   -28.9433,   -19.9601,    24.5546, A_2147 A_2148 A_2149 A_2150 A_2173 A_2178 A_2189 A_2191, 2462 2468 2476 2488 2616 2617 2618 2656 2657 2741 2743 2759
pocket6  ,     6,    1.65,       0.011,         25,         14,   -12.2065,   -22.1181,    10.3743, A_2200 A_2220 A_2244 A_2246 A_2268 A_2299 A_2301, 2827 2829 2830 2983 3169 3180 3181 3183 3316 3542 3543 3558 3559 3560
pocket7  ,     7,    1.21,       0.005,         26,         17,    -5.9410,     2.3253,    -0.8499, A_2361 A_2362 A_2364 A_2375 A_2384 A_2385 A_2438 A_2439 A_2440 A_2443, 3963 3969 3987 3988 4070 4147 4148 4149 4150 4152 4469 4475 4476 4477 4479 4485 4514
pocket8  ,     8,    1.00,       0.002,         19,         12,    -1.6353,   -20.7821,     3.7729, A_2297 A_2298 A_2320 A_2321 A_2322 A_2337 A_2351 A_2353, 3528 3530 3537 3634 3637 3642 3643 3652 3778 3779 3890 3904
pocket9  ,     9,    0.95,       0.002,         19,         10,   -36.5304,   -14.3739,     6.7009, A_2158 A_2204 A_2206 A_2213 A_2229 A_2230, 2544 2545 2856 2857 2871 2928 2929 3046 3047 3056
